time,Atlas 14 Storm6hDistribution Q1 90,Atlas 14 Storm6hDistribution Q1 80,Atlas 14 Storm6hDistribution Q1 70,Atlas 14 Storm6hDistribution Q1 60,Atlas 14 Storm6hDistribution Q1 50,Atlas 14 Storm6hDistribution Q1 40,Atlas 14 Storm6hDistribution Q1 30,Atlas 14 Storm6hDistribution Q1 20,Atlas 14 Storm6hDistribution Q1 10,Atlas 14 Storm6hDistribution Q2 90,Atlas 14 Storm6hDistribution Q2 80,Atlas 14 Storm6hDistribution Q2 70,Atlas 14 Storm6hDistribution Q2 60,Atlas 14 Storm6hDistribution Q2 50,Atlas 14 Storm6hDistribution Q2 40,Atlas 14 Storm6hDistribution Q2 30,Atlas 14 Storm6hDistribution Q2 20,Atlas 14 Storm6hDistribution Q2 10,Atlas 14 Storm6hDistribution Q3 90,Atlas 14 Storm6hDistribution Q3 80,Atlas 14 Storm6hDistribution Q3 70,Atlas 14 Storm6hDistribution Q3 60,Atlas 14 Storm6hDistribution Q3 50,Atlas 14 Storm6hDistribution Q3 40,Atlas 14 Storm6hDistribution Q3 30,Atlas 14 Storm6hDistribution Q3 20,Atlas 14 Storm6hDistribution Q3 10,Atlas 14 Storm6hDistribution Q4 90,Atlas 14 Storm6hDistribution Q4 80,Atlas 14 Storm6hDistribution Q4 70,Atlas 14 Storm6hDistribution Q4 60,Atlas 14 Storm6hDistribution Q4 50,Atlas 14 Storm6hDistribution Q4 40,Atlas 14 Storm6hDistribution Q4 30,Atlas 14 Storm6hDistribution Q4 20,Atlas 14 Storm6hDistribution Q4 10,Atlas 14 Storm6hDistribution ALL 90,Atlas 14 Storm6hDistribution ALL 80,Atlas 14 Storm6hDistribution ALL 70,Atlas 14 Storm6hDistribution ALL 60,Atlas 14 Storm6hDistribution ALL 50,Atlas 14 Storm6hDistribution ALL 40,Atlas 14 Storm6hDistribution ALL 30,Atlas 14 Storm6hDistribution ALL 20,Atlas 14 Storm6hDistribution ALL 10,Atlas 14 Storm12hDistribution Q1 90,Atlas 14 Storm12hDistribution Q1 80,Atlas 14 Storm12hDistribution Q1 70,Atlas 14 Storm12hDistribution Q1 60,Atlas 14 Storm12hDistribution Q1 50,Atlas 14 Storm12hDistribution Q1 40,Atlas 14 Storm12hDistribution Q1 30,Atlas 14 Storm12hDistribution Q1 20,Atlas 14 Storm12hDistribution Q1 10,Atlas 14 Storm12hDistribution Q2 90,Atlas 14 Storm12hDistribution Q2 80,Atlas 14 Storm12hDistribution Q2 70,Atlas 14 Storm12hDistribution Q2 60,Atlas 14 Storm12hDistribution Q2 50,Atlas 14 Storm12hDistribution Q2 40,Atlas 14 Storm12hDistribution Q2 30,Atlas 14 Storm12hDistribution Q2 20,Atlas 14 Storm12hDistribution Q2 10,Atlas 14 Storm12hDistribution Q3 90,Atlas 14 Storm12hDistribution Q3 80,Atlas 14 Storm12hDistribution Q3 70,Atlas 14 Storm12hDistribution Q3 60,Atlas 14 Storm12hDistribution Q3 50,Atlas 14 Storm12hDistribution Q3 40,Atlas 14 Storm12hDistribution Q3 30,Atlas 14 Storm12hDistribution Q3 20,Atlas 14 Storm12hDistribution Q3 10,Atlas 14 Storm12hDistribution Q4 90,Atlas 14 Storm12hDistribution Q4 80,Atlas 14 Storm12hDistribution Q4 70,Atlas 14 Storm12hDistribution Q4 60,Atlas 14 Storm12hDistribution Q4 50,Atlas 14 Storm12hDistribution Q4 40,Atlas 14 Storm12hDistribution Q4 30,Atlas 14 Storm12hDistribution Q4 20,Atlas 14 Storm12hDistribution Q4 10,Atlas 14 Storm12hDistribution ALL 90,Atlas 14 Storm12hDistribution ALL 80,Atlas 14 Storm12hDistribution ALL 70,Atlas 14 Storm12hDistribution ALL 60,Atlas 14 Storm12hDistribution ALL 50,Atlas 14 Storm12hDistribution ALL 40,Atlas 14 Storm12hDistribution ALL 30,Atlas 14 Storm12hDistribution ALL 20,Atlas 14 Storm12hDistribution ALL 10,Atlas 14 Storm24hDistribution Q1 90,Atlas 14 Storm24hDistribution Q1 80,Atlas 14 Storm24hDistribution Q1 70,Atlas 14 Storm24hDistribution Q1 60,Atlas 14 Storm24hDistribution Q1 50,Atlas 14 Storm24hDistribution Q1 40,Atlas 14 Storm24hDistribution Q1 30,Atlas 14 Storm24hDistribution Q1 20,Atlas 14 Storm24hDistribution Q1 10,Atlas 14 Storm24hDistribution Q2 90,Atlas 14 Storm24hDistribution Q2 80,Atlas 14 Storm24hDistribution Q2 70,Atlas 14 Storm24hDistribution Q2 60,Atlas 14 Storm24hDistribution Q2 50,Atlas 14 Storm24hDistribution Q2 40,Atlas 14 Storm24hDistribution Q2 30,Atlas 14 Storm24hDistribution Q2 20,Atlas 14 Storm24hDistribution Q2 10,Atlas 14 Storm24hDistribution Q3 90,Atlas 14 Storm24hDistribution Q3 80,Atlas 14 Storm24hDistribution Q3 70,Atlas 14 Storm24hDistribution Q3 60,Atlas 14 Storm24hDistribution Q3 50,Atlas 14 Storm24hDistribution Q3 40,Atlas 14 Storm24hDistribution Q3 30,Atlas 14 Storm24hDistribution Q3 20,Atlas 14 Storm24hDistribution Q3 10,Atlas 14 Storm24hDistribution Q4 90,Atlas 14 Storm24hDistribution Q4 80,Atlas 14 Storm24hDistribution Q4 70,Atlas 14 Storm24hDistribution Q4 60,Atlas 14 Storm24hDistribution Q4 50,Atlas 14 Storm24hDistribution Q4 40,Atlas 14 Storm24hDistribution Q4 30,Atlas 14 Storm24hDistribution Q4 20,Atlas 14 Storm24hDistribution Q4 10,Atlas 14 Storm24hDistribution ALL 90,Atlas 14 Storm24hDistribution ALL 80,Atlas 14 Storm24hDistribution ALL 70,Atlas 14 Storm24hDistribution ALL 60,Atlas 14 Storm24hDistribution ALL 50,Atlas 14 Storm24hDistribution ALL 40,Atlas 14 Storm24hDistribution ALL 30,Atlas 14 Storm24hDistribution ALL 20,Atlas 14 Storm24hDistribution ALL 10,SCS Type II 24hr,HMS 24hr,SCS Type II 6hr,HMS 6hr
0.0000,0.0000,0.0000,0.0000,0.0000,0.0000,0.0000,0.0000,0.0000,0.0000,0.0000,0.0000,0.0000,0.0000,0.0000,0.0000,0.0000,0.0000,0.0000,0.0000,0.0000,0.0000,0.0000,0.0000,0.0000,0.0000,0.0000,0.0000,0.0000,0.0000,0.0000,0.0000,0.0000,0.0000,0.0000,0.0000,0.0000,0.0000,0.0000,0.0000,0.0000,0.0000,0.0000,0.0000,0.0000,0.0000,0.0000,0.0000,0.0000,0.0000,0.0000,0.0000,0.0000,0.0000,0.0000,0.0000,0.0000,0.0000,0.0000,0.0000,0.0000,0.0000,0.0000,0.0000,0.0000,0.0000,0.0000,0.0000,0.0000,0.0000,0.0000,0.0000,0.0000,0.0000,0.0000,0.0000,0.0000,0.0000,0.0000,0.0000,0.0000,0.0000,0.0000,0.0000,0.0000,0.0000,0.0000,0.0000,0.0000,0.0000,0.0000,0.0000,0.0000,0.0000,0.0000,0.0000,0.0000,0.0000,0.0000,0.0000,0.0000,0.0000,0.0000,0.0000,0.0000,0.0000,0.0000,0.0000,0.0000,0.0000,0.0000,0.0000,0.0000,0.0000,0.0000,0.0000,0.0000,0.0000,0.0000,0.0000,0.0000,0.0000,0.0000,0.0000,0.0000,0.0000,0.0000,0.0000,0.0000,0.0000,0.0000,0.0000,0.0000,0.0000,0.0000,0.0000,0.0000,0.0000,0.0000,0.0000
0.5000,8.3300,10.9400,13.6400,16.5100,19.5200,22.8300,26.5900,32.0600,39.6200,0.5700,1.2200,1.6900,2.7800,3.8500,4.9400,6.2100,7.9000,10.2900,1.0200,1.6100,2.1500,3.1400,3.9800,5.0300,6.4900,8.1300,11.6700,1.5900,2.3300,3.4500,4.5500,5.8700,7.1400,8.3600,10.0000,12.5000,1.5300,2.7100,4.3400,6.7600,9.0900,12.1300,16.2600,22.1000,31.5100,1.2600,2.0200,3.6800,5.7400,8.7400,11.8400,14.9200,21.1700,30.4400,0.3500,0.8800,1.3100,1.5600,2.1400,2.9400,3.8500,5.3600,8.3300,0.3600,0.9800,1.3600,1.5700,2.1300,2.7800,3.5700,4.8400,7.6100,0.8400,1.3400,1.6400,2.1700,2.8800,3.6600,4.6900,6.2900,9.0400,0.7300,1.4300,1.8800,2.9200,4.2200,6.1300,9.1300,13.3200,22.9700,0.8200,1.2000,1.7200,2.2200,4.4100,6.6700,9.6800,13.6400,25.4600,0.2600,0.6400,1.0900,1.4400,1.5400,1.9200,2.4200,2.9600,4.1400,0.2700,0.4100,0.9800,1.2600,1.5600,1.9600,2.6500,3.3600,5.4100,0.5400,0.9400,1.2500,1.5600,2.1000,2.7800,4.0900,5.6700,9.0400,0.4600,1.0000,1.3500,1.6100,2.5100,3.0800,5.4100,8.5400,15.0700,0.2500,0.3000,2.1000,1.8900
1.0000,17.9900,23.2100,28.0800,33.0500,38.5100,44.4300,51.3800,60.8600,73.0300,2.5700,4.9000,6.5400,7.9100,9.4300,11.6900,14.0600,16.9500,21.5600,2.1800,3.4300,4.5000,6.4300,8.4400,10.6700,13.5800,17.0400,22.5700,3.0300,4.8900,6.9200,9.2900,11.5400,14.1800,16.4100,19.3700,23.7700,4.0500,7.1700,10.9500,14.7000,19.0700,24.9600,32.2200,43.0200,59.8500,3.9300,7.2900,10.7800,14.7000,20.5000,26.2500,32.8100,43.1600,57.1100,0.7900,1.8200,2.8800,3.6700,4.7500,6.1700,7.7500,10.8100,16.0800,0.7800,1.9500,2.7200,3.3500,4.4600,5.7000,7.1400,9.6800,15.0600,1.6800,2.6800,3.4300,4.6700,5.7600,7.3200,9.2800,12.2500,16.9900,1.7200,3.5000,4.9900,7.2900,10.2400,14.3500,20.2400,28.9200,45.6900,2.0700,3.3800,5.7200,7.9700,12.1200,16.3600,21.6300,28.8200,45.9400,0.8400,1.3800,1.9800,2.5400,3.0200,3.8800,4.9100,7.0300,10.4200,0.8700,1.2700,1.8800,2.3900,2.9000,3.7000,4.9200,6.4300,10.2200,1.0700,1.8300,2.5000,3.1600,4.4000,5.7000,7.6900,10.3700,15.5800,1.1300,2.0200,2.9300,4.0500,5.8300,8.0800,12.3900,18.6600,30.6900,0.4000,0.6200,7.2000,4.0800
1.5000,34.8800,41.6500,47.4600,52.3100,57.8200,63.9500,71.0700,79.1300,90.4200,8.0400,13.7500,18.0000,21.6600,25.3300,28.5900,32.0400,35.8400,41.6800,3.9500,6.4500,9.0300,11.5900,14.7500,17.6000,20.8200,24.6300,29.5300,4.8100,8.8300,12.5800,15.1400,17.6800,20.6800,23.5100,26.4800,30.8900,9.8800,16.1900,22.6300,28.7800,35.2000,42.8700,51.5100,63.0000,78.2000,11.9900,17.8300,22.8700,28.0800,35.1300,41.9400,50.5900,62.1100,76.3500,1.6900,3.1700,5.0200,6.6600,8.4500,10.5000,13.0400,15.7300,21.1800,1.4500,2.7200,4.0100,5.2300,6.7500,8.7400,10.9300,14.3800,20.8600,2.4500,4.0500,5.4400,7.3600,8.7200,10.9400,13.4100,17.1900,23.7200,3.1300,6.3100,9.7100,13.6900,18.6400,25.3200,33.8200,45.5100,64.8600,3.8500,6.7200,11.0800,15.2800,21.0600,26.8600,33.9200,43.4600,61.9300,1.1700,1.9400,2.6700,3.5200,4.5500,5.8500,7.5100,10.9100,15.9100,1.2000,1.9700,2.6800,3.5100,4.3500,5.6000,7.3000,9.5500,14.3500,1.5300,2.5800,3.6600,4.8100,6.5600,8.3400,10.9000,14.4300,20.6500,1.7800,3.1300,4.7800,6.8100,9.5300,13.6600,19.9000,29.0500,45.2500,0.7500,0.9400,15.5000,6.7200
2.0000,46.5600,55.0100,62.3500,68.9200,74.8800,80.2700,85.6300,90.5800,97.1200,19.5400,26.4900,32.0600,36.3400,41.1400,46.3700,51.5100,57.8200,64.8500,5.9300,9.8600,14.6500,18.0200,21.4600,25.2800,28.5900,32.9200,38.0600,6.1000,12.1700,16.3700,20.0000,22.7700,26.2000,29.4600,32.8700,37.7600,16.5100,26.2800,34.3300,42.0500,50.5500,59.6000,69.2700,80.0000,90.0900,22.7400,30.0000,35.9400,42.0600,49.3700,56.5900,65.8900,76.5600,88.4200,2.8400,5.0900,7.7400,10.1600,12.5500,15.0200,18.0900,20.6300,25.4000,2.1200,3.4400,5.2200,7.0300,9.1100,11.7300,14.3800,18.1800,24.5700,2.7300,5.2000,7.4400,9.7700,11.7300,14.2800,17.0400,21.1000,28.0900,4.8300,9.7200,14.9500,20.7100,27.6100,36.5300,47.1400,60.5700,79.1600,6.3800,11.1000,17.1200,23.0000,30.0000,36.9800,45.4400,56.4600,74.0300,1.3600,2.3800,3.2800,4.5000,6.0800,7.7700,10.0300,14.0000,19.6600,1.2900,2.4300,3.4100,4.6000,5.8900,7.5900,9.7200,12.5600,17.7500,1.9100,3.2000,4.7100,6.4300,8.4700,10.6100,13.6800,17.8500,24.5700,2.3500,4.3200,6.7900,9.6300,13.3400,19.1700,27.3100,38.9400,57.9700,1.1000,1.2800,30.1000,11.3000
2.5000,52.4700,61.6100,69.7100,77.5400,84.2300,89.4100,93.6800,97.2300,99.3800,38.1600,44.3200,49.4500,53.6600,58.3100,63.3700,68.8200,75.8600,82.9100,9.4700,14.5900,20.0200,24.0500,27.9100,31.6400,35.0300,39.0500,43.9400,9.4300,16.2000,20.5100,24.6900,27.5300,31.0000,34.6000,38.5300,43.3600,24.6700,36.6300,45.4500,53.7200,62.7300,71.7100,81.0300,90.2800,97.1000,32.7600,40.6900,47.1400,53.9400,61.2200,68.7000,77.6700,86.5400,95.0600,4.0900,7.7100,11.2800,14.3400,17.2700,20.1300,23.4800,27.1400,31.8200,2.5000,4.2100,6.4300,8.8900,11.5600,14.6000,17.5400,21.5200,27.4500,2.8300,6.1500,9.2700,11.8600,14.6100,17.4400,20.3800,24.3900,30.8000,6.7400,13.5400,20.1800,27.5400,36.1200,46.5000,58.5300,72.6600,88.7600,9.7800,16.2500,23.4100,30.4700,38.3100,46.1400,55.6300,67.3500,82.9000,1.5700,2.7900,3.9300,5.5300,7.5600,9.5700,12.3000,16.2500,21.8200,1.3600,2.7800,4.1000,5.6500,7.4000,9.4900,11.9800,15.2300,20.4800,2.1900,3.7400,5.7000,7.9400,10.1300,12.5300,16.0000,20.5900,27.4800,2.8600,5.5700,8.8700,12.4100,17.1200,24.3500,34.2900,47.9100,68.5400,1.6000,1.6400,51.0000,18.2300
3.0000,58.1200,67.2100,75.1000,81.9200,88.1200,92.8800,96.6500,99.6300,99.8900,55.3600,61.3900,66.3100,70.8900,75.6700,79.3200,83.5800,88.6000,93.6200,17.4200,24.5600,30.1500,34.7400,38.5700,41.3900,44.8300,48.2100,52.4400,12.1600,19.8200,24.9100,28.8600,32.1400,35.7100,39.7700,43.7700,48.0700,34.6200,47.6600,56.7300,65.4000,73.4000,81.0400,88.2700,94.9200,99.6300,40.2300,48.7300,55.6900,63.0600,70.3200,77.8500,85.9700,92.8400,98.2300,5.9800,11.4900,16.0700,19.7400,23.3300,26.8200,30.7700,36.3500,42.1200,2.6300,5.0500,7.7800,10.9100,14.0100,17.3100,20.6400,24.9400,30.4900,3.1500,7.1000,10.8700,13.7900,17.2300,20.5100,23.5800,27.4400,33.1200,8.9500,17.6600,25.4500,34.0900,44.0200,55.0900,67.7400,81.5500,94.5500,13.9700,21.8100,29.6300,37.4000,45.7200,54.1500,64.2800,76.0800,89.1700,1.9100,3.2400,4.6800,6.6400,8.9700,11.2500,14.2500,17.8600,23.0600,1.5400,3.1300,4.7700,6.6400,8.7600,11.1600,13.9600,17.4400,22.6500,2.4000,4.2400,6.6500,9.2900,11.5900,14.2100,17.9000,22.6800,29.5400,3.3500,6.8600,10.9300,15.1100,20.8000,29.1500,40.6800,55.8000,76.9900,2.1000,2.0100,69.9000,33.8600
3.5000,63.9500,73.4300,81.1700,86.8300,91.8000,95.4500,98.1600,99.9100,99.9100,64.9000,71.7800,77.1400,81.4700,86.1700,89.6500,92.9200,96.0900,98.4500,30.8400,39.8700,46.3800,51.3900,54.8300,57.8100,61.6900,65.9400,70.8000,13.6300,22.8800,28.2100,32.6400,36.7100,40.7800,44.8300,48.9000,53.2900,44.9900,58.3300,67.0500,75.3500,82.1900,88.3800,93.4100,97.5700,99.9300,45.1600,54.3900,62.0300,69.8800,77.1800,84.4000,91.4400,96.4800,99.5000,9.5000,16.9600,22.4700,26.8200,31.1800,35.5900,40.7000,48.0000,55.5800,2.8200,6.0200,9.3500,13.0500,16.3800,19.8700,23.7100,28.3300,33.6600,3.7500,8.2100,12.3200,15.7500,19.6400,23.4100,26.6300,30.4400,35.7200,11.5600,22.0500,30.9200,40.5400,51.4200,62.6600,75.2000,87.7900,97.6800,18.7300,27.4700,35.5700,43.6700,52.1900,61.0300,71.4100,82.8100,93.4300,2.3300,3.7400,5.5700,7.8500,10.3600,12.8700,15.9600,19.2100,24.1600,1.8600,3.5400,5.4300,7.5600,9.9600,12.5800,15.6300,19.2200,24.4300,2.5600,4.7400,7.5700,10.4800,12.9300,15.7300,19.4600,24.2500,30.9800,3.8700,8.1800,12.9300,17.7400,24.3600,33.6100,46.4400,62.6100,83.5300,2.8500,2.4000,78.3000,78.6500
4.0000,69.7700,79.2500,86.3000,91.3900,95.3700,97.9700,99.4700,99.9400,99.9600,71.5800,78.6000,83.7000,87.2400,90.8900,94.1200,96.6400,99.1100,99.8400,48.1600,56.3200,62.5500,67.1400,71.1100,74.8600,79.1300,84.3600,89.6500,20.3000,30.0500,34.7000,39.7500,43.7500,47.7300,50.9600,54.8600,59.0900,56.0200,68.0500,76.1500,82.8800,88.5100,93.1600,96.7700,99.3900,99.9600,48.5400,58.5300,66.9300,75.1900,82.4500,89.0000,94.8600,98.4100,99.9000,15.5100,24.3800,30.4800,35.5400,40.6200,46.0400,52.5300,60.6600,69.8600,3.3500,7.2500,11.2100,15.2800,18.7500,22.4100,26.6800,31.3000,36.4200,4.4400,9.4900,13.7400,17.7800,21.9800,26.0400,29.4500,33.3500,38.4600,14.6900,26.7300,36.6100,46.9700,58.3600,69.5400,81.3400,92.0800,99.1600,23.7600,32.9400,41.0700,49.2600,57.7800,66.8800,77.1900,87.8300,96.2100,2.7300,4.3100,6.6100,9.1700,11.8000,14.5400,17.6200,20.6900,25.8100,2.2500,4.0000,6.0900,8.4400,11.0000,13.7900,17.0400,20.6900,26.0000,2.6900,5.2300,8.4600,11.5200,14.1900,17.1600,20.8100,25.4700,32.0400,4.4400,9.5200,14.8800,20.3200,27.7900,37.8000,51.6200,68.4200,88.4300,3.6000,2.8100,84.5000,87.3500
4.5000,76.9700,85.2300,90.5300,94.3700,97.2800,99.0400,99.9300,99.9700,99.9700,79.8900,85.9300,89.8100,92.7100,95.2900,97.2100,98.4400,99.8000,99.9800,66.6600,72.1400,76.3000,79.6300,83.4200,86.6400,89.9800,93.9700,97.2100,33.9700,43.4100,47.8800,52.3200,55.3400,58.8800,61.8600,65.0000,68.3900,68.3000,77.6900,84.7600,89.6100,93.3400,96.3600,98.5700,99.9400,99.9900,51.4300,61.9900,71.0100,79.5300,86.6100,92.2800,96.9600,99.3300,99.9700,24.0400,33.4400,39.6800,45.3400,50.8900,57.0700,64.6000,72.5300,82.3500,4.2900,8.9000,13.4800,17.7300,21.4200,25.2000,29.6200,33.7800,38.7100,5.0100,10.8400,15.2100,19.8800,24.3900,28.3800,32.0400,36.1000,40.9500,18.3800,31.7200,42.4100,53.3100,64.7500,75.7500,86.4000,95.0400,99.7600,28.7300,38.0100,46.0800,54.2100,62.6200,71.8700,81.8100,91.4800,97.9100,3.0300,4.9800,7.8400,10.6800,13.4200,16.3900,19.4700,22.6700,28.4600,2.6200,4.4900,6.7500,9.2800,11.9500,14.8800,18.2900,22.0000,27.4700,2.8000,5.7400,9.3100,12.4400,15.3900,18.5300,22.0400,26.5100,32.9700,5.0700,10.8900,16.7800,22.8700,31.1100,41.7900,56.2700,73.3600,92.0100,4.7000,3.2400,89.2000,92.6300
5.0000,84.6900,91.2600,94.9400,97.1900,98.9600,99.6000,99.9600,99.9900,99.9900,86.9600,91.6300,94.3400,96.1500,98.0000,99.4400,99.7500,99.9600,99.9900,82.0800,86.1200,88.9400,91.3300,92.7900,94.6800,96.0900,98.0100,98.8300,50.0000,59.3600,63.8800,67.2500,69.6300,73.1400,76.5100,79.0500,82.1300,79.9000,86.8600,91.8000,94.9700,96.8300,98.9400,99.6900,99.9700,100.0000,54.4500,65.2800,74.6400,83.2000,89.8800,94.7100,98.2500,99.7400,99.9800,34.2200,43.2600,49.2800,55.3000,60.9800,67.4400,75.2000,82.2500,91.3500,5.6000,11.2600,16.4000,20.7900,24.8000,28.6800,32.9800,36.4600,41.3400,5.4900,12.1300,16.7900,22.0500,26.9100,30.6000,34.4700,38.6300,43.0300,22.5900,36.9400,48.1800,59.3700,70.5100,81.1400,90.4500,97.0700,99.9500,33.3700,42.5500,50.5500,58.5700,66.8400,76.1300,85.4900,94.0500,98.8800,3.2200,5.8000,9.2900,12.4400,15.3300,18.5600,21.7200,25.3900,32.3400,2.9000,4.9800,7.3900,10.1100,12.8600,15.9300,19.4900,23.2900,28.9100,2.9100,6.2300,10.1000,13.2800,16.5600,19.8500,23.2400,27.5300,33.9400,5.7700,12.2800,18.6800,25.4100,34.3200,45.6100,60.4800,77.5600,94.5700,5.8000,3.7000,92.8000,95.5800
5.5000,92.3100,95.8600,97.6200,98.6500,99.8200,100.0000,100.0000,100.0000,100.0000,93.6400,96.1600,97.4900,98.4800,99.0800,99.8100,99.9400,99.9900,99.9900,91.3800,93.5200,95.0000,96.2600,97.4500,98.4000,98.8600,99.6900,100.0000,73.0400,78.7100,81.3300,83.2400,84.6200,86.3900,88.0300,89.7100,91.5300,89.9900,93.8100,96.2100,97.7500,98.5900,99.7100,100.0000,100.0000,100.0000,57.6900,68.6000,78.0100,86.3400,92.4300,96.5500,99.0400,99.9000,99.9800,44.5800,52.7400,58.4300,64.4900,70.0400,76.2500,83.3500,89.2500,96.5500,7.3900,14.6800,20.3100,25.0000,29.3500,33.3100,37.4100,40.4700,45.6500,6.0600,13.3100,18.5300,24.3000,29.4700,32.9300,36.8600,40.9600,44.8800,27.2600,42.3100,53.8300,65.0200,75.6400,85.5900,93.5300,98.4300,99.9900,37.4800,46.4900,54.4700,62.4200,70.5600,79.7900,88.4300,95.8400,99.3900,3.4000,6.8700,11.0400,14.5400,17.6500,21.1800,24.5800,29.0000,37.4500,3.0600,5.4300,8.0300,10.9400,13.7800,17.0100,20.6900,24.6300,30.3500,3.0300,6.7200,10.8200,14.0500,17.6800,21.1000,24.4400,28.6100,35.0300,6.5300,13.7000,20.6100,27.9500,37.4400,49.2800,64.3200,81.1500,96.3400,7.3000,4.1800,95.8000,97.9700
6.0000,100.0000,100.0000,100.0000,100.0000,100.0000,100.0000,100.0000,100.0000,100.0000,100.0000,100.0000,100.0000,100.0000,100.0000,100.0000,100.0000,100.0000,100.0000,100.0000,100.0000,100.0000,100.0000,100.0000,100.0000,100.0000,100.0000,100.0000,100.0000,100.0000,100.0000,100.0000,100.0000,100.0000,100.0000,100.0000,100.0000,100.0000,100.0000,100.0000,100.0000,100.0000,100.0000,100.0000,100.0000,100.0000,60.9400,71.9300,81.2100,89.0100,94.3900,97.9200,99.5200,99.9600,99.9900,53.6900,60.9100,66.4100,72.2400,77.5400,83.1200,88.9600,93.7700,98.7800,10.1400,19.5400,25.5800,30.7700,35.3600,39.4400,43.5100,46.8300,52.7300,6.9100,14.4500,20.4400,26.6700,31.9500,35.4600,39.2900,43.1700,46.8800,32.3000,47.7400,59.3100,70.2400,80.2300,89.1200,95.7300,99.2700,100.0000,40.9600,49.8200,57.8700,65.7900,73.8700,82.9500,90.7900,97.0600,99.6200,3.7500,8.3200,13.1700,17.0600,20.4700,24.3300,28.1500,33.5300,43.5900,3.1200,5.8300,8.6600,11.7800,14.7400,18.1300,21.9300,26.0400,31.7500,3.1500,7.1800,11.4700,14.7900,18.7300,22.2600,25.6400,29.7700,36.2700,7.3500,15.1700,22.6000,30.5000,40.4900,52.8100,67.8400,84.2300,97.5500,8.8000,4.7000,100.0000,100.0000
6.5000,,,,,,,,,,,,,,,,,,,,,,,,,,,,,,,,,,,,,,,,,,,,,,64.0300,75.1900,84.2900,91.3000,95.9100,98.8800,99.7900,99.9900,100.0000,60.7100,67.3600,72.8700,78.3300,83.3400,88.1700,92.6300,96.4600,99.3400,14.6800,26.1300,32.4200,38.1900,42.8500,47.1300,51.4700,55.7600,62.6100,8.1100,15.7500,22.5800,29.1500,34.2500,38.1000,41.7300,45.3300,49.2500,37.6300,53.1700,64.6300,75.0500,84.3600,91.8900,97.2400,99.7200,100.0000,43.7900,52.6000,60.8000,68.7500,76.8300,85.6700,92.7000,97.9000,99.7100,4.5000,10.2800,15.7600,20.0800,23.8500,28.0600,32.4800,38.9000,50.4800,3.1300,6.2100,9.2900,12.6200,15.7300,19.2800,23.1900,27.4800,33.0700,3.2900,7.6300,12.0400,15.5000,19.7100,23.3200,26.8400,31.0100,37.5900,8.2100,16.6700,24.6600,33.0600,43.4700,56.2000,71.1000,86.8900,98.3600,10.8000,5.2200,100.0000,100.0000
7.0000,,,,,,,,,,,,,,,,,,,,,,,,,,,,,,,,,,,,,,,,,,,,,,66.9600,78.3300,87.2200,93.2900,97.1400,99.4800,99.9300,100.0000,100.0000,65.6800,72.2100,77.8600,82.9200,87.6500,91.7800,95.1000,98.0500,99.3700,21.8100,34.4500,40.8000,46.9500,51.5200,56.0500,60.8500,66.4400,74.0000,9.5900,17.4500,25.0000,31.7100,36.4200,40.6200,44.1100,47.5400,51.9100,43.2100,58.5700,69.7300,79.4900,88.0200,94.1200,98.2700,99.9200,100.0000,46.0300,54.9000,63.3100,71.3300,79.4900,88.0100,94.2700,98.4700,99.7200,5.8800,12.8600,18.8700,23.6100,27.7700,32.3700,37.5000,44.9300,57.7300,3.1700,6.5800,9.9200,13.4400,16.7400,20.4300,24.4400,28.8900,34.2700,3.4300,8.0600,12.5600,16.1800,20.5900,24.2800,27.9800,32.2800,38.9200,9.1100,18.2100,26.7900,35.6400,46.4000,59.4300,74.1400,89.2000,98.9000,12.8000,5.7800,100.0000,100.0000
7.5000,,,,,,,,,,,,,,,,,,,,,,,,,,,,,,,,,,,,,,,,,,,,,,69.8900,81.3400,89.8900,95.0300,98.1600,99.8100,99.9800,100.0000,100.0000,69.2900,76.0400,81.7100,86.4000,90.7900,94.3500,96.9500,99.0300,99.4700,31.7600,44.1700,50.3000,56.3600,60.7900,65.5100,70.6800,77.2000,84.8000,11.3500,19.8000,27.8100,34.3800,38.6900,42.9400,46.5000,49.9000,54.6000,49.0100,63.9200,74.5500,83.5700,91.1400,95.9700,98.9900,99.9800,100.0000,47.8000,56.8100,65.4600,73.5900,81.8900,90.0200,95.5600,98.8800,99.7200,8.1100,16.1400,22.5400,27.6700,32.2100,37.2000,43.1000,51.4100,64.9800,3.2800,6.9700,10.5400,14.2400,17.7400,21.5500,25.6200,30.2100,35.3400,3.5800,8.4700,13.0200,16.8400,21.3800,25.1300,29.0500,33.5300,40.1700,10.0400,19.8000,29.0000,38.2300,49.2700,62.5000,76.9600,91.2100,99.2600,15.4500,6.3900,100.0000,100.0000
8.0000,,,,,,,,,,,,,,,,,,,,,,,,,,,,,,,,,,,,,,,,,,,,,,72.9800,84.2100,92.1800,96.4900,98.9600,99.9500,99.9900,100.0000,100.0000,72.4700,79.4400,84.8600,89.2100,93.1300,96.2100,98.3700,99.6100,99.7000,43.8500,54.5200,60.1600,65.6000,69.9000,74.6300,79.7800,86.3400,93.0300,13.6800,23.0300,31.2000,37.3500,41.4700,45.3600,49.2400,52.7000,57.3300,55.0100,69.1700,79.0300,87.2200,93.6600,97.5000,99.4900,99.9900,100.0000,49.2300,58.4500,67.3300,75.5700,84.0400,91.7200,96.6200,99.1700,99.7300,11.2800,20.1300,26.7400,32.2000,37.0800,42.4600,49.1000,58.0800,71.8900,3.5200,7.3900,11.1700,15.0200,18.7300,22.6200,26.7400,31.3900,36.3100,3.7500,8.8700,13.4500,17.4800,22.0800,25.8900,30.0200,34.7200,41.2600,11.0000,21.4400,31.2600,40.8300,52.0900,65.4000,79.6000,92.9500,99.5000,18.1000,7.0600,100.0000,100.0000
8.5000,,,,,,,,,,,,,,,,,,,,,,,,,,,,,,,,,,,,,,,,,,,,,,76.2600,86.9500,94.0100,97.6700,99.5300,99.9900,99.9900,100.0000,100.0000,75.8600,82.7700,87.6400,91.6100,94.9700,97.5600,99.3400,99.8900,99.9000,56.4400,64.4900,69.4900,74.0000,78.1500,82.5700,87.2100,92.7600,97.7900,17.2000,27.4400,35.5600,41.1300,45.3800,48.6800,52.9700,56.4500,60.6100,61.1600,74.2400,83.1500,90.3500,95.5600,98.6600,99.7900,99.9900,100.0000,50.4600,59.8900,68.9700,77.3200,85.9500,93.1500,97.4800,99.4000,99.7500,15.4300,24.7500,31.4300,37.1200,42.2700,48.0000,55.2900,64.7000,78.1900,3.8700,7.8600,11.8200,15.7900,19.7000,23.6300,27.7800,32.4400,37.2700,3.9200,9.2600,13.8600,18.0900,22.7100,26.5900,30.9000,35.8000,42.1800,11.9900,23.1300,33.5600,43.4500,54.8700,68.1400,82.0600,94.4400,99.6600,21.6000,7.8100,100.0000,100.0000
9.0000,,,,,,,,,,,,,,,,,,,,,,,,,,,,,,,,,,,,,,,,,,,,,,79.6200,89.5400,95.4600,98.5600,99.8500,99.9900,99.9900,100.0000,100.0000,79.5800,86.0400,90.2200,93.7200,96.5100,98.5200,99.8400,99.9700,99.9700,67.5600,73.1600,77.5000,81.1500,85.0000,88.7900,92.5400,96.4700,99.5700,22.7100,33.4200,41.4400,46.4500,51.0200,53.9500,58.4600,61.7900,65.4600,67.4000,79.0300,86.9400,92.9400,96.9900,99.4300,99.9300,99.9900,100.0000,51.6000,61.2200,70.4500,78.8900,87.6500,94.3400,98.1800,99.5600,99.7800,20.4300,29.9000,36.4900,42.3100,47.6400,53.6900,61.4600,71.0300,83.6900,4.3200,8.4000,12.5000,16.6000,20.6800,24.6300,28.8100,33.4300,38.3100,4.1000,9.6500,14.2600,18.6900,23.2900,27.2600,31.7100,36.7900,42.9200,13.0200,24.8700,35.9000,46.0700,57.5900,70.7300,84.3300,95.7000,99.7700,25.1000,8.6500,100.0000,100.0000
9.5000,,,,,,,,,,,,,,,,,,,,,,,,,,,,,,,,,,,,,,,,,,,,,,82.9900,91.9400,96.6800,99.2000,99.9600,99.9900,100.0000,100.0000,100.0000,83.3300,89.0600,92.6100,95.5400,97.8100,99.2000,99.9800,99.9800,99.9800,75.8600,80.0600,83.8300,86.9300,90.2400,93.2000,96.0000,98.3300,99.8300,30.7500,41.4300,49.4200,54.0400,58.8100,61.8700,66.1800,69.2300,72.7100,73.6400,83.5200,90.3600,95.0600,98.1300,99.8300,99.9700,100.0000,100.0000,52.7400,62.5000,71.8100,80.3200,89.1400,95.3100,98.7300,99.6900,99.8200,26.0900,35.4000,41.7900,47.6200,53.0600,59.3600,67.4100,76.8800,88.2800,4.8100,9.0100,13.2600,17.4900,21.7400,25.7000,29.9100,34.4800,39.6100,4.2800,10.0300,14.6700,19.2700,23.8600,27.9200,32.4900,37.7000,43.5400,14.0900,26.6900,38.2700,48.6900,60.2600,73.1800,86.4200,96.7600,99.8400,27.6000,10.2100,100.0000,100.0000
10.0000,,,,,,,,,,,,,,,,,,,,,,,,,,,,,,,,,,,,,,,,,,,,,,86.4800,94.0900,97.8200,99.6400,99.9800,100.0000,100.0000,100.0000,100.0000,86.8700,91.7600,94.7700,97.0900,98.8800,99.6700,99.9800,100.0000,100.0000,81.4800,85.3700,88.6200,91.4000,93.9800,96.1300,98.1100,99.3100,99.8700,41.2000,51.7600,59.7500,64.0800,68.6400,72.0400,75.7200,78.5500,82.0700,79.7500,87.7200,93.3200,96.8300,99.0600,99.9600,99.9700,100.0000,100.0000,53.9300,63.7800,73.1100,81.6600,90.4500,96.1100,99.1500,99.7800,99.8600,32.1400,41.0300,47.1600,52.9200,58.3900,64.8600,72.9600,82.0900,91.9500,5.2900,9.7100,14.1400,18.5300,22.9500,26.9400,31.2100,35.7400,41.2900,4.4500,10.3900,15.0900,19.8400,24.4200,28.6000,33.2800,38.5700,44.1100,15.2200,28.5800,40.6400,51.3000,62.8600,75.5000,88.3400,97.6200,99.9000,30.1000,12.0100,100.0000,100.0000
10.5000,,,,,,,,,,,,,,,,,,,,,,,,,,,,,,,,,,,,,,,,,,,,,,90.2700,95.9600,98.8800,99.8900,99.9900,100.0000,100.0000,100.0000,100.0000,90.2700,94.2600,96.6600,98.4100,99.6100,99.9300,99.9900,100.0000,100.0000,85.9200,89.7400,92.3900,94.6500,96.5300,98.0800,99.3400,99.8800,100.0000,53.4000,64.1300,71.7000,75.6300,79.4600,82.6700,85.5200,88.2900,91.5000,85.5500,91.6400,95.6600,98.3000,99.6900,99.9800,99.9800,100.0000,100.0000,55.1800,65.0800,74.3700,82.9500,91.6000,96.7600,99.4500,99.8500,99.8900,38.2500,46.5800,52.4200,58.0500,63.4900,70.0500,78.0000,86.5800,94.7300,5.7400,10.5500,15.2200,19.8200,24.4200,28.4900,32.8500,37.4000,43.5200,4.6100,10.7400,15.5300,20.4200,24.9900,29.3100,34.1200,39.4300,44.7000,16.4100,30.5700,43.0400,53.8900,65.4100,77.7200,90.0800,98.3100,99.9300,33.5000,14.1800,100.0000,100.0000
11.0000,,,,,,,,,,,,,,,,,,,,,,,,,,,,,,,,,,,,,,,,,,,,,,94.1000,97.5200,99.6600,99.9700,100.0000,100.0000,100.0000,100.0000,100.0000,93.7100,96.6000,98.2100,99.4300,99.9500,100.0000,100.0000,100.0000,100.0000,90.6300,93.6600,95.5200,96.8900,98.2200,99.3500,99.9000,100.0000,100.0000,67.0000,77.2500,83.2200,86.4600,89.1700,91.2300,93.2800,95.6900,97.8900,90.8600,95.1200,97.3800,99.3600,99.9300,99.9800,99.9900,100.0000,100.0000,56.4800,66.4100,75.6100,84.2100,92.6100,97.3000,99.6600,99.8900,99.9100,44.1200,51.8400,57.4300,62.8900,68.2700,74.8200,82.4200,90.2900,96.7300,6.1600,11.5600,16.5700,21.4400,26.2500,30.4500,34.9600,39.6100,46.3900,4.7600,11.0600,15.9800,21.0000,25.6000,30.0700,35.0300,40.3200,45.3900,17.7000,32.6600,45.4700,56.4700,67.8800,79.8400,91.6500,98.8400,99.9600,36.9000,17.9600,100.0000,100.0000
11.5000,,,,,,,,,,,,,,,,,,,,,,,,,,,,,,,,,,,,,,,,,,,,,,97.0600,98.8100,99.9800,99.9800,100.0000,100.0000,100.0000,100.0000,100.0000,96.8800,98.3300,99.2200,99.8500,100.0000,100.0000,100.0000,100.0000,100.0000,95.3100,96.9300,97.9800,98.6100,99.2600,99.9000,100.0000,100.0000,100.0000,82.7400,89.1900,91.9400,94.1800,95.5800,96.3300,97.4700,98.4400,99.6400,95.5800,97.8100,98.8600,99.8600,99.9500,99.9900,99.9900,100.0000,100.0000,57.8100,67.7600,76.8500,85.4700,93.5100,97.7400,99.7900,99.9100,99.9200,49.4800,56.6400,62.0400,67.3200,72.6400,79.0900,86.2000,93.2600,98.0600,6.6200,12.8500,18.3000,23.5000,28.5400,32.9500,37.6600,42.5100,49.9600,4.8800,11.3400,16.4300,21.5700,26.2300,30.8600,36.0100,41.2500,46.2100,19.1000,34.8700,47.9200,59.0200,70.2900,81.8700,93.0400,99.2400,99.9700,40.8500,23.6600,100.0000,100.0000
12.0000,,,,,,,,,,,,,,,,,,,,,,,,,,,,,,,,,,,,,,,,,,,,,,100.0000,100.0000,100.0000,100.0000,100.0000,100.0000,100.0000,100.0000,100.0000,100.0000,100.0000,100.0000,100.0000,100.0000,100.0000,100.0000,100.0000,100.0000,100.0000,100.0000,100.0000,100.0000,100.0000,100.0000,100.0000,100.0000,100.0000,100.0000,100.0000,100.0000,100.0000,100.0000,100.0000,100.0000,100.0000,100.0000,100.0000,100.0000,100.0000,100.0000,100.0000,100.0000,100.0000,100.0000,100.0000,59.1300,69.1200,78.1000,86.7100,94.3200,98.1200,99.8700,99.9200,99.9300,54.1400,60.8700,66.1700,71.2900,76.5600,82.8200,89.3500,95.5200,98.8900,7.2300,14.5000,20.4800,26.0700,31.3800,36.0500,41.0300,46.1800,54.2100,4.9800,11.5900,16.9000,22.1500,26.8900,31.6800,37.0600,42.2200,47.1700,20.6200,37.2000,50.4200,61.5400,72.6200,83.8200,94.2800,99.5200,99.9800,44.8000,36.5400,100.0000,100.0000
12.5000,,,,,,,,,,,,,,,,,,,,,,,,,,,,,,,,,,,,,,,,,,,,,,,,,,,,,,,,,,,,,,,,,,,,,,,,,,,,,,,,,,,,,,,,,,,60.4200,70.4800,79.3400,87.9500,95.0500,98.4500,99.9100,99.9300,99.9300,58.0200,64.4700,69.7800,74.7700,80.0000,86.0000,91.8900,97.1500,99.3400,8.1600,16.6300,23.2200,29.2200,34.8100,39.8000,45.0700,50.6000,59.0700,5.0600,11.8200,17.3700,22.7100,27.5500,32.5100,38.1200,43.1900,48.2200,22.2900,39.6600,52.9600,64.0400,74.8800,85.6800,95.3700,99.7200,99.9900,49.5500,73.4300,100.0000,100.0000
13.0000,,,,,,,,,,,,,,,,,,,,,,,,,,,,,,,,,,,,,,,,,,,,,,,,,,,,,,,,,,,,,,,,,,,,,,,,,,,,,,,,,,,,,,,,,,,61.6600,71.8200,80.5900,89.1800,95.7300,98.7400,99.9200,99.9300,99.9300,61.1000,67.4600,72.8600,77.7500,82.9700,88.6600,93.9000,98.2600,99.5500,9.6100,19.3600,26.5600,32.9700,38.8300,44.1600,49.7400,55.6900,64.3700,5.1300,12.0200,17.8500,23.2600,28.2100,33.3200,39.1600,44.1300,49.3200,24.1400,42.2500,55.5500,66.5000,77.0700,87.4600,96.3100,99.8400,99.9900,54.3000,80.6000,100.0000,100.0000
13.5000,,,,,,,,,,,,,,,,,,,,,,,,,,,,,,,,,,,,,,,,,,,,,,,,,,,,,,,,,,,,,,,,,,,,,,,,,,,,,,,,,,,,,,,,,,,62.8500,73.1300,81.8300,90.3700,96.3500,98.9900,99.9300,99.9300,99.9300,63.4900,69.9100,75.4600,80.3000,85.5000,90.8300,95.4500,98.9700,99.6200,11.8000,22.7800,30.5600,37.3100,43.4200,49.0600,54.9400,61.3000,69.9100,5.2200,12.2400,18.3400,23.7800,28.8600,34.1200,40.1200,45.0000,50.3900,26.1700,44.9500,58.1800,68.9400,79.1800,89.1400,97.1100,99.9200,99.9900,60.0500,84.9500,100.0000,100.0000
14.0000,,,,,,,,,,,,,,,,,,,,,,,,,,,,,,,,,,,,,,,,,,,,,,,,,,,,,,,,,,,,,,,,,,,,,,,,,,,,,,,,,,,,,,,,,,,64.0200,74.4100,83.0600,91.5000,96.9400,99.2200,99.9300,99.9300,99.9300,65.3600,71.9300,77.6600,82.4600,87.6400,92.5800,96.6200,99.3700,99.6400,14.9100,26.9500,35.1900,42.1900,48.4800,54.3800,60.4900,67.1900,75.4600,5.3600,12.5000,18.8500,24.2900,29.5000,34.9100,40.9700,45.7700,51.3600,28.4000,47.7700,60.8500,71.3500,81.2300,90.7200,97.7900,99.9600,99.9900,65.8000,87.3800,100.0000,100.0000
14.5000,,,,,,,,,,,,,,,,,,,,,,,,,,,,,,,,,,,,,,,,,,,,,,,,,,,,,,,,,,,,,,,,,,,,,,,,,,,,,,,,,,,,,,,,,,,65.1900,75.6600,84.2700,92.5600,97.4800,99.4100,99.9300,99.9400,99.9400,66.8900,73.6600,79.5600,84.3300,89.4500,93.9800,97.5100,99.5700,99.6400,19.0500,31.8600,40.3900,47.5100,53.8900,59.9300,66.2000,73.1000,80.7700,5.5900,12.8400,19.4000,24.7900,30.1600,35.7100,41.7100,46.4400,52.2100,30.8400,50.6700,63.5500,73.7300,83.2000,92.1800,98.3500,99.9800,99.9900,70.8000,89.3500,100.0000,100.0000
15.0000,,,,,,,,,,,,,,,,,,,,,,,,,,,,,,,,,,,,,,,,,,,,,,,,,,,,,,,,,,,,,,,,,,,,,,,,,,,,,,,,,,,,,,,,,,,66.4000,76.8900,85.4500,93.5400,97.9800,99.5800,99.9300,99.9400,99.9400,68.3000,75.2400,81.2700,85.9800,90.9900,95.1200,98.1800,99.6500,99.6500,24.2500,37.4500,46.0700,53.1500,59.5000,65.5400,71.8400,78.7700,85.6000,5.9500,13.3000,20.0200,25.3400,30.8700,36.5700,42.3700,47.0500,52.9700,33.4900,53.6500,66.2500,76.0800,85.1100,93.5200,98.8100,99.9900,99.9900,75.8000,91.0200,100.0000,100.0000
15.5000,,,,,,,,,,,,,,,,,,,,,,,,,,,,,,,,,,,,,,,,,,,,,,,,,,,,,,,,,,,,,,,,,,,,,,,,,,,,,,,,,,,,,,,,,,,67.6800,78.1200,86.6200,94.4200,98.4200,99.7100,99.9400,99.9500,99.9500,69.7500,76.7900,82.8600,87.4800,92.3100,96.0500,98.6800,99.6700,99.6900,30.4400,43.5800,52.0600,58.9400,65.1200,71.0100,77.2000,83.9300,89.7800,6.4900,13.9400,20.7500,26.0000,31.7100,37.5600,43.0400,47.7000,53.7200,36.3600,56.6700,68.9400,78.3900,86.9400,94.7300,99.1700,99.9900,99.9900,80.2000,91.9200,100.0000,100.0000
16.0000,,,,,,,,,,,,,,,,,,,,,,,,,,,,,,,,,,,,,,,,,,,,,,,,,,,,,,,,,,,,,,,,,,,,,,,,,,,,,,,,,,,,,,,,,,,69.0600,79.3600,87.7700,95.2100,98.8100,99.8100,99.9500,99.9600,99.9600,71.3500,78.3900,84.4100,88.9100,93.4700,96.8300,99.0500,99.6800,99.7500,37.4000,50.0400,58.1700,64.7000,70.5800,76.1700,82.0900,88.3900,93.1700,7.2400,14.8100,21.6500,26.8600,32.7700,38.7700,43.8600,48.5300,54.6200,39.4200,59.7300,71.5900,80.6600,88.7000,95.8000,99.4500,99.9900,99.9900,84.6000,92.7100,100.0000,100.0000
16.5000,,,,,,,,,,,,,,,,,,,,,,,,,,,,,,,,,,,,,,,,,,,,,,,,,,,,,,,,,,,,,,,,,,,,,,,,,,,,,,,,,,,,,,,,,,,70.5600,80.6300,88.9100,95.9000,99.1400,99.8800,99.9600,99.9600,99.9600,73.1400,80.0600,85.9600,90.2900,94.5200,97.5000,99.3400,99.7000,99.8000,44.8400,56.5800,64.1900,70.2500,75.7200,80.8600,86.3600,92.0300,95.7300,8.2500,15.9700,22.8000,28.0400,34.1600,40.3100,45.0000,49.7300,55.8800,42.6600,62.7900,74.1900,82.8700,90.3700,96.7300,99.6500,99.9900,99.9900,87.1000,93.4200,100.0000,100.0000
17.0000,,,,,,,,,,,,,,,,,,,,,,,,,,,,,,,,,,,,,,,,,,,,,,,,,,,,,,,,,,,,,,,,,,,,,,,,,,,,,,,,,,,,,,,,,,,72.1500,81.9600,90.0400,96.5200,99.4100,99.9300,99.9600,99.9700,99.9700,75.0800,81.8100,87.5100,91.6300,95.4700,98.0800,99.5500,99.7300,99.8600,52.3800,62.9200,69.9000,75.4200,80.4100,85.0000,89.9300,94.7900,97.5000,9.5400,17.4700,24.2900,29.6600,36.0100,42.3100,46.6700,51.4900,57.7300,46.0700,65.8300,76.7200,85.0000,91.9500,97.5300,99.8000,99.9900,99.9900,89.6000,94.0600,100.0000,100.0000
17.5000,,,,,,,,,,,,,,,,,,,,,,,,,,,,,,,,,,,,,,,,,,,,,,,,,,,,,,,,,,,,,,,,,,,,,,,,,,,,,,,,,,,,,,,,,,,73.8300,83.3500,91.1600,97.0700,99.6100,99.9500,99.9700,99.9700,99.9700,77.0800,83.5900,89.0400,92.9200,96.3400,98.5900,99.7100,99.7800,99.8900,59.6100,68.8000,75.1100,80.0800,84.5400,88.5300,92.7900,96.7300,98.5800,11.1400,19.3700,26.2400,31.8700,38.4500,44.8800,49.0400,54.0100,60.3800,49.6200,68.8500,79.1800,87.0500,93.4200,98.1900,99.8900,99.9900,100.0000,90.6000,94.6400,100.0000,100.0000
18.0000,,,,,,,,,,,,,,,,,,,,,,,,,,,,,,,,,,,,,,,,,,,,,,,,,,,,,,,,,,,,,,,,,,,,,,,,,,,,,,,,,,,,,,,,,,,75.5700,84.8100,92.2800,97.5800,99.7600,99.9600,99.9700,99.9700,99.9700,79.0300,85.3200,90.5000,94.1300,97.1400,99.0100,99.8100,99.8300,99.9100,66.1600,74.0000,79.6800,84.1400,88.0600,91.4500,94.9800,97.9800,99.1400,13.0600,21.7500,28.7700,34.8000,41.5900,48.1300,52.2700,57.4200,63.9500,53.3000,71.8300,81.5600,88.9900,94.7600,98.7200,99.9500,99.9900,100.0000,91.6000,95.1800,100.0000,100.0000
18.5000,,,,,,,,,,,,,,,,,,,,,,,,,,,,,,,,,,,,,,,,,,,,,,,,,,,,,,,,,,,,,,,,,,,,,,,,,,,,,,,,,,,,,,,,,,,77.3400,86.3300,93.3900,98.0500,99.8600,99.9700,99.9700,99.9700,99.9700,80.8300,86.9600,91.8500,95.2400,97.8500,99.3600,99.8700,99.8700,99.9200,71.7600,78.4000,83.5300,87.5400,90.9800,93.8000,96.5900,98.6900,99.3400,15.3400,24.6800,32.0100,38.5700,45.5200,52.1000,56.4200,61.7500,68.4700,57.0900,74.7600,83.8700,90.8200,95.9700,99.1400,99.9800,100.0000,100.0000,93.0000,95.7200,100.0000,100.0000
19.0000,,,,,,,,,,,,,,,,,,,,,,,,,,,,,,,,,,,,,,,,,,,,,,,,,,,,,,,,,,,,,,,,,,,,,,,,,,,,,,,,,,,,,,,,,,,79.1400,87.9100,94.4800,98.4800,99.9200,99.9700,99.9700,99.9700,99.9700,82.4500,88.4700,93.0600,96.2100,98.4600,99.6100,99.9000,99.9000,99.9200,76.2800,81.9900,86.6700,90.3200,93.3300,95.6400,97.7200,99.0600,99.3800,18.0500,28.2500,36.0800,43.2200,50.2600,56.8200,61.4600,66.9300,73.8000,60.9800,77.6500,86.0900,92.5000,97.0200,99.4600,99.9900,100.0000,100.0000,94.4000,96.2200,100.0000,100.0000
19.5000,,,,,,,,,,,,,,,,,,,,,,,,,,,,,,,,,,,,,,,,,,,,,,,,,,,,,,,,,,,,,,,,,,,,,,,,,,,,,,,,,,,,,,,,,,,80.9600,89.5100,95.5500,98.8900,99.9600,99.9700,99.9700,99.9700,99.9700,83.9200,89.8500,94.1200,97.0200,98.9700,99.7800,99.9100,99.9200,99.9200,79.7900,84.8700,89.1800,92.5300,95.1700,97.0600,98.5200,99.2600,99.3800,21.2900,32.5600,41.0700,48.7700,55.7800,62.2000,67.2100,72.7300,79.6200,64.9700,80.4900,88.2300,94.0500,97.9000,99.6800,99.9900,100.0000,100.0000,95.5000,96.6900,100.0000,100.0000
20.0000,,,,,,,,,,,,,,,,,,,,,,,,,,,,,,,,,,,,,,,,,,,,,,,,,,,,,,,,,,,,,,,,,,,,,,,,,,,,,,,,,,,,,,,,,,,82.8400,91.1100,96.5500,99.2400,99.9700,99.9700,99.9700,99.9800,99.9800,85.3500,91.1400,95.0600,97.7000,99.3600,99.8700,99.9100,99.9300,99.9300,82.4900,87.2500,91.2100,94.2900,96.6000,98.1300,99.0600,99.4000,99.4400,25.2600,37.7100,47.0300,55.1100,61.9600,68.1100,73.3900,78.7900,85.4600,69.0700,83.2600,90.2800,95.4300,98.6100,99.8300,100.0000,100.0000,100.0000,96.6000,97.1300,100.0000,100.0000
20.5000,,,,,,,,,,,,,,,,,,,,,,,,,,,,,,,,,,,,,,,,,,,,,,,,,,,,,,,,,,,,,,,,,,,,,,,,,,,,,,,,,,,,,,,,,,,84.8200,92.6800,97.4800,99.5400,99.9700,99.9800,99.9800,99.9800,99.9800,86.9000,92.4400,95.9300,98.2400,99.6300,99.9100,99.9100,99.9300,99.9400,84.7500,89.3700,92.9400,95.7000,97.7000,98.9000,99.4500,99.5600,99.5600,30.2100,43.8200,53.9000,62.0700,68.5700,74.2900,79.5900,84.6700,90.7900,73.2700,85.9600,92.2300,96.6600,99.1600,99.9200,100.0000,100.0000,100.0000,97.3000,97.5500,100.0000,100.0000
21.0000,,,,,,,,,,,,,,,,,,,,,,,,,,,,,,,,,,,,,,,,,,,,,,,,,,,,,,,,,,,,,,,,,,,,,,,,,,,,,,,,,,,,,,,,,,,86.9300,94.1900,98.3000,99.7600,99.9800,99.9800,99.9800,99.9900,99.9900,88.7200,93.8000,96.7900,98.7000,99.8100,99.9200,99.9200,99.9300,99.9600,86.9400,91.4500,94.5200,96.8900,98.5400,99.4200,99.7000,99.7200,99.7200,36.4800,50.9800,61.5300,69.3700,75.3000,80.4300,85.3800,89.9000,95.0800,77.5600,88.5700,94.0500,97.7100,99.5400,99.9700,100.0000,100.0000,100.0000,98.0000,97.9500,100.0000,100.0000
21.5000,,,,,,,,,,,,,,,,,,,,,,,,,,,,,,,,,,,,,,,,,,,,,,,,,,,,,,,,,,,,,,,,,,,,,,,,,,,,,,,,,,,,,,,,,,,89.1900,95.6000,98.9700,99.8900,99.9800,99.9900,99.9900,99.9900,99.9900,90.8200,95.2600,97.6500,99.1000,99.9000,99.9200,99.9400,99.9400,99.9700,89.3200,93.5700,96.0400,97.9200,99.1600,99.7300,99.8400,99.8400,99.8400,44.4200,59.1900,69.6400,76.6500,81.7700,86.1500,90.3500,94.0700,97.9900,81.9000,91.0600,95.7000,98.5700,99.7900,99.9900,100.0000,100.0000,100.0000,98.4000,98.3300,100.0000,100.0000
22.0000,,,,,,,,,,,,,,,,,,,,,,,,,,,,,,,,,,,,,,,,,,,,,,,,,,,,,,,,,,,,,,,,,,,,,,,,,,,,,,,,,,,,,,,,,,,91.5400,96.8900,99.4800,99.9600,99.9800,99.9900,99.9900,99.9900,99.9900,93.0700,96.7200,98.5200,99.4500,99.9300,99.9300,99.9500,99.9500,99.9700,91.9100,95.6300,97.4900,98.7900,99.5900,99.8700,99.8900,99.9000,99.9000,54.3300,68.3600,77.7700,83.5000,87.5800,91.0600,94.2200,96.9800,99.4800,86.2100,93.3800,97.1400,99.2400,99.9200,100.0000,100.0000,100.0000,100.0000,98.8000,98.6900,100.0000,100.0000
22.5000,,,,,,,,,,,,,,,,,,,,,,,,,,,,,,,,,,,,,,,,,,,,,,,,,,,,,,,,,,,,,,,,,,,,,,,,,,,,,,,,,,,,,,,,,,,93.8700,98.0200,99.8000,99.9700,99.9800,99.9900,99.9900,99.9900,99.9900,95.1000,98.0000,99.2800,99.7300,99.9300,99.9500,99.9600,99.9700,99.9700,94.4700,97.3300,98.7000,99.4600,99.8300,99.9000,99.9000,99.9000,99.9000,66.1900,78.1200,85.3700,89.5100,92.3700,94.8500,96.9200,98.7000,99.9000,90.3800,95.4900,98.3300,99.6900,99.9800,100.0000,100.0000,100.0000,100.0000,99.1000,99.0400,100.0000,100.0000
23.0000,,,,,,,,,,,,,,,,,,,,,,,,,,,,,,,,,,,,,,,,,,,,,,,,,,,,,,,,,,,,,,,,,,,,,,,,,,,,,,,,,,,,,,,,,,,96.0500,98.9600,99.9500,99.9700,99.9900,99.9900,99.9900,99.9900,99.9900,96.5800,98.8700,99.7900,99.9100,99.9400,99.9700,99.9700,99.9800,99.9800,96.5500,98.3500,99.4800,99.8400,99.9300,99.9300,99.9300,99.9300,99.9300,79.3500,87.7100,91.8500,94.3300,95.9200,97.3900,98.6100,99.5700,99.9300,94.2300,97.3200,99.2300,99.9300,100.0000,100.0000,100.0000,100.0000,100.0000,99.4000,99.3700,100.0000,100.0000
23.5000,,,,,,,,,,,,,,,,,,,,,,,,,,,,,,,,,,,,,,,,,,,,,,,,,,,,,,,,,,,,,,,,,,,,,,,,,,,,,,,,,,,,,,,,,,,97.9900,99.6500,99.9800,99.9900,100.0000,100.0000,100.0000,100.0000,100.0000,97.6300,99.3000,99.9500,99.9500,99.9600,99.9700,99.9700,99.9800,100.0000,97.9900,98.7600,99.7400,99.9300,99.9300,100.0000,100.0000,100.0000,100.0000,91.9300,95.7700,96.7400,97.8000,98.2800,98.8600,99.6000,100.0000,100.0000,97.5100,98.8400,99.8000,99.9900,100.0000,100.0000,100.0000,100.0000,100.0000,99.7000,99.6900,100.0000,100.0000
24.0000,,,,,,,,,,,,,,,,,,,,,,,,,,,,,,,,,,,,,,,,,,,,,,,,,,,,,,,,,,,,,,,,,,,,,,,,,,,,,,,,,,,,,,,,,,,100.0000,100.0000,100.0000,100.0000,100.0000,100.0000,100.0000,100.0000,100.0000,100.0000,100.0000,100.0000,100.0000,100.0000,100.0000,100.0000,100.0000,100.0000,100.0000,100.0000,100.0000,100.0000,100.0000,100.0000,100.0000,100.0000,100.0000,100.0000,100.0000,100.0000,100.0000,100.0000,100.0000,100.0000,100.0000,100.0000,100.0000,100.0000,100.0000,100.0000,100.0000,100.0000,100.0000,100.0000,100.0000,100.0000,100.0000,100.0000,100.0000
